Account,Number,2021-01,2021-02,2021-03,2021-04,2021-05,2021-06,2021-07,2021-08,2021-09,2021-10,2021-11,2021-12,2022-01,2022-02,2022-03,2022-04,2022-05,2022-06,2022-07,2022-08,2022-09,2022-10,2022-11,2022-12,2023-01,2023-02,2023-03,2023-04,2023-05,2023-06,2023-07,2023-08,2023-09,2023-10,2023-11,2023-12,2024-01,2024-02,2024-03,2024-04,2024-05,2024-06,2024-07,2024-08,2024-09,2024-10,2024-11,2024-12,2025-01,2025-02,2025-03,2025-04,2025-05,2025-06,2025-07,2025-08,2025-09,2025-10,2025-11,2025-12
Income,,,,,,,,,,,,,,,,,,,,,,,,,,,,,,,,,,,,,,,,,,,,,,,,,,,,,,,,,,,,,
Service Call Revenue,4000,33172,35272,39236,44203,49201,53416,53053,54011,47828,45922,39941,39590,39544,41374,47840,51324,55956,62867,63521,61321,56251,53686,47955,46953,47003,46309,53919,60717,66969,71560,73644,70129,68905,62511,55321,55884,54313,55914,63856,69559,78517,81181,84433,83458,76020,72354,66021,65431,63341,65009,72078,81947,90334,97621,99850,99040,88686,85235,76946,76609
Project Revenue,4100,20028,18230,23340,26460,27214,29163,27969,26504,25807,27426,23561,21972,19632,24275,26975,30898,33108,30529,37015,34710,32009,29546,27536,26463,23120,28671,27293,30578,37382,40975,37687,41361,37682,32234,29063,31455,30283,28444,34092,38124,44199,48798,43459,43007,46082,38384,34431,32533,31384,35460,42286,46763,47703,50056,54179,52494,46255,44846,45364,41820
Maintenance Plan Revenue,4200,7397,7897,8966,10311,10244,11180,11317,11185,11199,10177,9297,8553,9046,9408,10231,11899,12417,13452,14030,13042,13089,11593,10458,10127,9732,10205,11541,13699,14225,16488,15508,15622,15166,13378,12674,12236,11906,11613,14298,16157,17335,17956,18641,18497,17380,16444,14897,14392,14018,13658,16317,18729,20607,22300,21182,22510,20682,18195,16084,16371
Materials Markup,4300,10119,10207,12593,13057,15307,15213,15662,15106,14731,13543,12179,12365,12037,11936,14684,16378,16443,18695,19911,18751,17117,15529,15146,14970,14210,14270,15791,17962,20325,20929,23301,22309,19278,19642,16032,16694,16289,16635,19018,20938,24375,24580,25367,26094,23805,23177,20329,18729,18183,18836,21020,25929,28289,28142,29689,29888,28229,24190,23970,21816
Cost of Goods Sold,,,,,,,,,,,,,,,,,,,,,,,,,,,,,,,,,,,,,,,,,,,,,,,,,,,,,,,,,,,,,
Subcontractor Labor,5000,18611,18227,23175,24068,27858,28040,29683,29249,27058,26573,23346,21797,20615,23207,26516,30249,30612,34481,35177,34720,31332,29336,27807,26516,25909,27341,28376,33094,37645,39918,39528,39547,37928,32949,29871,32031,29998,29922,34803,37966,44852,44010,46756,43686,44607,41178,35467,33704,32679,36333,41669,45550,50347,51721,55532,52699,49647,45559,42855,43001
Materials & Parts,5100,14219,14966,17433,19135,20508,22471,21874,22036,19752,19546,16484,16608,16220,17986,20442,22253,24549,25340,26011,25790,22940,23069,20613,20128,18614,19525,21554,25192,27056,30096,30675,31160,29510,25306,23509,24307,23619,22631,25965,29379,33257,34579,35427,34696,31948,29893,26862,26540,26286,26300,31363,34201,38526,38813,39782,40841,38010,35610,34008,32412
Equipment Rental,5200,2671,2531,3218,3338,3780,4037,4126,4159,3678,3740,3106,3203,3018,3223,3534,4051,4264,4572,4747,4521,4571,3980,3773,3618,3584,3704,3903,4695,5297,5654,5396,5725,5328,4671,4124,4521,4146,4274,4638,5130,5984,6443,6662,6642,5939,5555,4864,4852,4540,4943,5783,6501,6598,7276,7888,7827,6878,6107,6017,5552
Disposal & Permit Fees,5300,1937,1868,2218,2472,2717,2779,2912,2750,2719,2638,2229,2132,2080,2244,2709,3000,3044,3355,3573,3431,3048,2973,2610,2602,2601,2710,2751,3346,3751,4142,4083,4088,3869,3296,3048,2983,2921,2934,3320,3936,4423,4600,4631,4690,4522,4142,3483,3347,3444,3462,4187,4627,4817,5239,5271,5189,4873,4667,4359,3996
Expenses,,,,,,,,,,,,,,,,,,,,,,,,,,,,,,,,,,,,,,,,,,,,,,,,,,,,,,,,,,,,,
Field Technician Wages,6000,12982,12962,15741,17129,19100,19577,19504,20295,18450,18287,15823,15520,14960,15962,18348,20321,21595,23863,25552,23720,21611,21028,18632,18239,17142,18038,20247,23126,25603,28157,27171,28285,25775,23209,20459,21022,21276,20761,23922,27350,30703,31022,31862,31777,29559,27073,24674,24224,23481,24246,28283,31581,34104,35772,36950,36813,34060,31344,29337,29402
Payroll Taxes & Benefits,6100,1818,1815,2204,2398,2674,2741,2731,2841,2583,2560,2215,2173,2094,2235,2569,2845,3023,3341,3577,3321,3026,2944,2609,2554,2400,2525,2835,3238,3584,3942,3804,3960,3609,3249,2864,2943,2979,2907,3349,3829,4298,4343,4461,4449,4138,3790,3454,3391,3287,3394,3960,4421,4775,5008,5173,5154,4768,4388,4107,4116
Vehicle & Fuel,6200,1659,1669,1935,2117,2314,2545,2744,2797,2343,2437,2092,1919,1953,2038,2430,2506,2955,3241,3203,3229,2698,2575,2414,2344,2182,2276,2792,2898,3384,3462,3693,3408,3199,2991,2656,2631,2763,2633,3249,3613,3811,4038,4517,3998,3836,3603,3463,3425,3262,3400,3544,4198,4676,4943,5044,4991,4351,4254,3901,3868
Shop Rent,6300,2460,2460,2460,2460,2460,2460,2460,2460,2460,2460,2460,2460,2460,2460,2460,2460,2460,2460,2460,2460,2460,2460,2460,2460,2460,2460,2460,2460,2460,2460,2460,2460,2460,2460,2460,2460,2460,2460,2460,2460,2460,2460,2460,2460,2460,2460,2460,2460,2460,2460,2460,2460,2460,2460,2460,2460,2460,2460,2460,2460
Utilities,6400,634,618,725,759,811,904,896,883,772,761,635,649,598,591,702,780,840,912,932,905,763,767,647,621,621,599,676,747,832,872,899,889,776,760,640,662,576,594,667,783,817,917,873,841,836,759,642,666,628,634,677,745,809,858,913,844,798,757,664,616
Marketing & Advertising,6500,2404,2504,2433,2382,2578,2492,2588,2438,2457,2568,2634,2613,2570,2747,2578,2614,2634,2804,2821,2765,2970,2763,2990,3008,3016,2934,2860,3095,3018,3169,3063,3203,3039,2964,3032,3158,3271,3135,3122,3329,3132,3401,3275,3386,3397,3517,3387,3571,3441,3298,3400,3613,3458,3387,3497,3530,3760,3576,3771,3506
Franchise Royalty Fees,6600,4243,4296,5048,5642,6118,6538,6480,6408,5974,5824,5099,4949,4816,5220,5984,6630,7075,7533,8069,7670,7108,6621,6066,5911,5644,5967,6513,7377,8334,8997,9008,8965,8462,7666,6785,6976,6767,6756,7876,8687,9866,10351,10314,10263,9797,9022,8141,7865,7616,7978,9102,10402,11216,11887,12294,12236,11031,10348,9742,9397
Corporate Ad Fund Contribution,6650,1414,1432,1683,1881,2039,2179,2160,2136,1991,1941,1700,1650,1605,1740,1995,2210,2358,2511,2690,2557,2369,2207,2022,1970,1881,1989,2171,2459,2778,2999,3003,2988,2821,2555,2262,2325,2256,2252,2625,2896,3289,3450,3438,3421,3266,3007,2714,2622,2539,2659,3034,3467,3739,3962,4098,4079,3677,3449,3247,3132
Insurance,6700,1025,1025,1025,1025,1025,1025,1025,1025,1025,1025,1025,1025,1025,1025,1025,1025,1025,1025,1025,1025,1025,1025,1025,1025,1025,1025,1025,1025,1025,1025,1025,1025,1025,1025,1025,1025,1025,1025,1025,1025,1025,1025,1025,1025,1025,1025,1025,1025,1025,1025,1025,1025,1025,1025,1025,1025,1025,1025,1025,1025
Tools & Small Equipment,6800,411,623,382,362,389,608,462,501,476,484,415,547,600,527,561,459,529,450,362,410,448,544,515,543,488,599,606,391,532,346,349,442,509,363,618,423,515,556,622,511,608,447,572,559,569,578,493,477,613,399,418,541,348,638,492,458,455,558,534,494
Software & Dispatch,6900,328,328,328,328,328,328,328,328,328,328,328,328,328,328,328,328,328,328,328,328,328,328,328,328,328,328,328,328,328,328,328,328,328,328,328,328,328,328,328,328,328,328,328,328,328,328,328,328,328,328,328,328,328,328,328,328,328,328,328,328
Interest Expense,7000,246,246,246,246,246,246,246,246,246,246,246,246,246,246,246,246,246,246,246,246,246,246,246,246,246,246,246,246,246,246,246,246,246,246,246,246,246,246,246,246,246,246,246,246,246,246,246,246,246,246,246,246,246,246,246,246,246,246,246,246
