Account,2021-01,2021-02,2021-03,2021-04,2021-05,2021-06,2021-07,2021-08,2021-09,2021-10,2021-11,2021-12,2022-01,2022-02,2022-03,2022-04,2022-05,2022-06,2022-07,2022-08,2022-09,2022-10,2022-11,2022-12,2023-01,2023-02,2023-03,2023-04,2023-05,2023-06,2023-07,2023-08,2023-09,2023-10,2023-11,2023-12,2024-01,2024-02,2024-03,2024-04,2024-05,2024-06,2024-07,2024-08,2024-09,2024-10,2024-11,2024-12,2025-01,2025-02,2025-03,2025-04,2025-05,2025-06,2025-07,2025-08,2025-09,2025-10,2025-11,2025-12
Food Sales,48301,46172,47465,49097,48637,46426,44859,45772,49375,52186,54369,56217,52439,49380,50786,52848,54224,51419,47194,49460,53007,55921,58366,59524,55182,54106,55181,56289,56327,54058,51114,54504,56835,60908,62354,63778,59971,58326,58545,60241,61704,58304,56442,58509,60717,65171,66382,69590,62724,61344,63487,64171,65309,61795,60732,62542,65387,68985,73035,73439
Beverage Sales,8652,8333,8682,8822,8672,8497,8198,8462,9038,9555,9679,10244,9454,8781,9421,9175,9542,9138,8554,9259,9792,9900,10167,10722,10250,9911,10175,10126,10004,9865,9463,9880,10115,11132,11107,11585,10608,10257,10771,10882,10824,10344,10235,10364,10739,11775,11885,12877,11732,11021,11747,11816,11824,11599,10623,11241,11639,12340,13027,13509
Catering Revenue,4071,4079,3518,3896,3845,3632,3179,3882,4139,3724,3804,4121,3698,4287,4484,4014,4352,3749,3607,4108,3965,4870,5066,4346,4451,3950,4847,4810,4521,4307,4325,4424,4184,5163,4405,4706,4843,4263,5151,5171,4909,4492,4192,4356,4331,4621,4990,5638,5697,5288,5352,4850,5452,4762,5314,4948,5387,5706,5179,5523
Delivery Revenue,8467,8041,7915,8346,8148,8243,7560,7650,8247,8547,9490,9910,8775,8368,8483,8547,8755,8514,7871,8402,9345,9346,9581,10300,9142,9190,9620,9432,9437,9323,9051,8946,9483,9871,10813,10904,10304,9562,9656,10383,10533,9642,9423,9754,10706,11045,11742,11607,11275,10798,10390,11325,11095,11041,10048,10789,10877,12117,12529,12522
Food Purchases,14761,13573,14441,14733,14214,14022,13017,13420,14843,15462,16007,16579,15583,14356,15533,15832,15953,15252,14098,14876,15775,16986,17584,17613,16482,15690,16898,16680,17265,15636,15256,16613,17128,18371,18253,18933,17791,17338,17017,17496,18885,17323,16656,17244,17946,19994,20200,20790,18234,18205,19146,19167,19324,18764,18227,18242,19511,21140,22186,21758
Beverage Cost,2111,2053,2072,2049,2056,2109,1936,2054,2140,2215,2363,2374,2225,2096,2209,2115,2260,2129,2129,2210,2384,2305,2473,2582,2421,2303,2349,2500,2354,2327,2317,2354,2400,2638,2616,2834,2491,2555,2613,2519,2658,2393,2494,2478,2485,2874,2824,3162,2917,2749,2769,2873,2841,2782,2522,2796,2841,2876,3132,3299
Paper Goods & To-Go Supplies,1770,1629,1768,1788,1733,1744,1535,1703,1825,1870,1988,1971,1790,1759,1906,1919,1879,1765,1606,1833,1945,1990,2070,2154,2003,1917,1934,1980,2031,1955,1847,1985,2107,2206,2289,2187,2108,2016,2113,2087,2122,2082,1972,1978,2210,2353,2450,2420,2334,2200,2225,2294,2338,2243,2181,2208,2373,2374,2715,2642
Third Party Delivery Commissions,2328,2201,2196,2260,2217,2270,2077,2023,2191,2294,2499,2633,2334,2223,2287,2341,2425,2302,2155,2299,2504,2585,2518,2702,2491,2520,2568,2578,2568,2536,2447,2452,2538,2700,2867,2883,2773,2638,2561,2880,2906,2640,2558,2651,2909,2940,3219,3188,3011,2832,2845,3097,3035,2939,2738,2828,2944,3313,3479,3385
Manager Salaries,7990,7990,7990,7990,7990,7990,7990,7990,7990,7990,7990,7990,7990,7990,7990,7990,7990,7990,7990,7990,7990,7990,7990,7990,7990,7990,7990,7990,7990,7990,7990,7990,7990,7990,7990,7990,7990,7990,7990,7990,7990,7990,7990,7990,7990,7990,7990,7990,7990,7990,7990,7990,7990,7990,7990,7990,7990,7990,7990,7990
Hourly Wages,11668,11047,11251,11516,11428,11556,10944,10929,11676,12069,12805,13665,12557,11563,12589,12531,13278,12094,11013,12077,12854,13046,14237,14613,13038,13079,13601,13310,13880,12752,12490,12711,13777,14221,14998,15537,14336,13830,14363,14273,14667,14177,13407,14255,14871,15886,16417,16981,15717,14609,15051,15296,15852,15375,14812,14705,16028,16330,17108,17730
Payroll Taxes & Benefits,2359,2284,2309,2341,2330,2346,2272,2270,2360,2407,2495,2599,2466,2346,2469,2463,2552,2410,2280,2408,2501,2524,2667,2712,2523,2528,2591,2556,2624,2489,2458,2484,2612,2665,2759,2823,2679,2618,2682,2672,2719,2660,2568,2669,2743,2865,2929,2997,2845,2712,2765,2794,2861,2804,2736,2723,2882,2918,3012,3086
Base Rent,5170,5170,5170,5170,5170,5170,5170,5170,5170,5170,5170,5170,5170,5170,5170,5170,5170,5170,5170,5170,5170,5170,5170,5170,5170,5170,5170,5170,5170,5170,5170,5170,5170,5170,5170,5170,5170,5170,5170,5170,5170,5170,5170,5170,5170,5170,5170,5170,5170,5170,5170,5170,5170,5170,5170,5170,5170,5170,5170,5170
Utilities,1528,1453,1616,1618,1629,1437,1391,1412,1507,1702,1711,1694,1570,1512,1627,1521,1660,1449,1463,1484,1530,1585,1668,1694,1597,1468,1621,1497,1561,1480,1360,1453,1583,1665,1658,1809,1555,1498,1612,1600,1608,1528,1490,1408,1555,1676,1756,1807,1517,1571,1493,1590,1610,1491,1474,1547,1523,1644,1689,1698
Marketing & Advertising,1854,1867,1977,1921,1925,1897,1910,1946,1987,2015,1977,1978,2021,2064,2093,2043,2170,2159,2258,2291,2118,2152,2221,2327,2352,2348,2238,2369,2251,2342,2374,2384,2400,2524,2395,2565,2415,2453,2453,2519,2679,2604,2592,2716,2659,2699,2759,2722,2774,2705,2785,2890,2846,2760,2824,2808,2749,2910,2801,2814
Franchise Royalty Fees,3475,3331,3379,3508,3465,3340,3190,3288,3540,3701,3867,4025,3718,3541,3659,3729,3844,3641,3361,3561,3805,4002,4159,4245,3951,3858,3991,4033,4014,3878,3698,3888,4031,4354,4434,4549,4286,4120,4206,4334,4399,4139,4015,4149,4325,4631,4750,4986,4571,4423,4549,4608,4684,4460,4336,4476,4665,4957,5189,5250
Corporate Ad Fund Contribution,1390,1333,1352,1403,1386,1336,1276,1315,1416,1480,1547,1610,1487,1416,1463,1492,1537,1456,1345,1425,1522,1601,1664,1698,1581,1543,1596,1613,1606,1551,1479,1555,1612,1741,1774,1819,1715,1648,1682,1734,1759,1656,1606,1660,1730,1852,1900,1994,1829,1769,1820,1843,1874,1784,1734,1790,1866,1983,2075,2100
Insurance,940,940,940,940,940,940,940,940,940,940,940,940,940,940,940,940,940,940,940,940,940,940,940,940,940,940,940,940,940,940,940,940,940,940,940,940,940,940,940,940,940,940,940,940,940,940,940,940,940,940,940,940,940,940,940,940,940,940,940,940
Repairs & Maintenance,974,557,633,639,1015,539,782,888,628,708,790,978,896,971,684,810,952,576,568,601,596,589,506,744,539,745,724,691,922,603,659,590,954,878,672,660,887,906,598,655,499,711,543,603,579,903,660,953,555,801,489,576,921,549,626,804,546,992,912,692
POS & Processing Fees,1459,1399,1419,1473,1455,1403,1340,1381,1487,1554,1624,1690,1562,1487,1537,1566,1614,1529,1412,1496,1598,1681,1747,1783,1660,1620,1676,1694,1686,1629,1553,1633,1693,1829,1862,1910,1800,1731,1767,1820,1847,1738,1686,1743,1816,1945,1995,2094,1920,1857,1910,1935,1967,1873,1821,1880,1959,2082,2179,2205
Interest Expense,329,329,329,329,329,329,329,329,329,329,329,329,329,329,329,329,329,329,329,329,329,329,329,329,329,329,329,329,329,329,329,329,329,329,329,329,329,329,329,329,329,329,329,329,329,329,329,329,329,329,329,329,329,329,329,329,329,329,329,329
